source,company,vertical,region,owner_contact,channel,message_variant,response,objection,proof_walkthrough_status,checkout_status,activation_status,next_state,touch_count,spend_cents,notes,source_url,contact_url,batch,email,email_source_page,email_confidence,crawl_status
manual_research,Aloha Maintenance and Paint LLC,handyman,Reno NV,public_contact_form,website_form,missed_call_direct,no_response,,not_requested,not_started,not_started,researched,0,0,Public official site from launch research; no message sent,https://www.alohamaintenanceandpaintllc.com/,https://www.alohamaintenanceandpaintllc.com/,001,alohamaintenance4u@gmail.com,https://www.alohamaintenanceandpaintllc.com/,medium,crawled
manual_research,Climate Pros of Northern Nevada,hvac,Reno NV,public_contact_form,website_form,after_hours_recovery,no_response,,not_requested,not_started,not_started,researched,0,0,Public official site from launch research; no message sent,https://climateprosnv.com/contact-us/,https://climateprosnv.com/contact-us/,001,info@climateprosnv.com,https://climateprosnv.com/contact-us/,high,crawled
manual_research,Contact Electric Inc,electrician,Reno NV,public_contact_form,website_form,missed_call_direct,no_response,,not_requested,not_started,not_started,researched,0,0,Public official site from launch research; no message sent,https://www.icontactelectric.com/contact/,https://www.icontactelectric.com/contact/,001,contactelectric@sbcglobal.net,https://www.icontactelectric.com/contact/,medium,crawled
manual_research,Enhanced Electrical,electrician,Reno NV,public_contact_form,website_form,missed_call_direct,no_response,,not_requested,not_started,not_started,researched,0,0,Public official site from launch research; no message sent,https://enhancedelectrical.net/,https://enhancedelectrical.net/,001,,,,crawled
manual_research,Goettl Reno Plumbing,plumbing,Reno/Sparks NV,public_booking_page,website_form,urgent_job_calls,no_response,,not_requested,not_started,not_started,researched,0,0,Public official site from launch research; no message sent,https://www.goettl.com/location/reno-nevada/plumbing/,https://www.goettl.com/location/reno-nevada/plumbing/,001,,,,unreachable
manual_research,HandyGreen Home Solutions,handyman,Reno NV,public_booking_page,website_form,missed_call_direct,no_response,,not_requested,not_started,not_started,researched,0,0,Public official site from launch research; no message sent,https://www.handygreenreno.com/,https://www.handygreenreno.com/,001,dan@handygreenreno.com,https://www.handygreenreno.com/,medium,crawled
manual_research,Happy Heating and Air Conditioning,hvac,Reno NV,public_contact_page,website_form,after_hours_recovery,no_response,,not_requested,not_started,not_started,researched,0,0,Public official site from launch research; no message sent,https://www.happyheaters.com/,https://www.happyheaters.com/,001,info@happyheaters.com,https://www.happyheaters.com/,medium,crawled
manual_research,Joe's Roofing,roofing,Reno NV,public_contact_page,website_form,urgent_job_calls,no_response,,not_requested,not_started,not_started,researched,0,0,Public official site from launch research; no message sent,https://joesroofingreno.com/,https://joesroofingreno.com/,001,info@joesroofingreno.com,https://joesroofingreno.com/,medium,crawled
manual_research,KD Electric,electrician,Reno/Sparks/Tahoe,public_contact_page,website_form,missed_call_direct,no_response,,not_requested,not_started,not_started,researched,0,0,Public official site from launch research; no message sent,https://kdelectricacdc.com/,https://kdelectricacdc.com/,001,info@kdelectricacdc.com,https://kdelectricacdc.com/,medium,crawled
manual_research,Lobo Roofing NV,roofing,Sparks NV,public_contact_form,website_form,urgent_job_calls,no_response,,not_requested,not_started,not_started,researched,0,0,Public official site from launch research; no message sent,https://www.loboroofingnv.com/,https://www.loboroofingnv.com/,001,shaywithloboroofing@gmail.com,https://www.loboroofingnv.com/,medium,crawled
manual_research,Master Service Plumbing,plumbing,Reno NV,public_contact_page,website_form,missed_call_direct,no_response,,not_requested,not_started,not_started,researched,0,0,Public official site from launch research; no message sent,https://masterserviceplumbing.com/,https://masterserviceplumbing.com/,001,,,,crawled
manual_research,Merit Electric,electrician,Reno NV,public_contact_page,website_form,missed_call_direct,no_response,,not_requested,not_started,not_started,researched,0,0,Public official site from launch research; no message sent,https://www.meritelectricreno.com/,https://www.meritelectricreno.com/,001,info@meritelectricreno.com,https://www.meritelectricreno.com/,high,crawled
manual_research,Mountainside Home Care,handyman,Reno/Tahoe,public_contact_page,website_form,missed_call_direct,no_response,,not_requested,not_started,not_started,researched,0,0,Public official site from launch research; no message sent,https://mountainsidehomecare.com/handyman-services-reno-nv/,https://mountainsidehomecare.com/handyman-services-reno-nv/,001,,,,crawled
manual_research,Nevada Roofing Division,roofing,Reno NV,public_contact_form,website_form,urgent_job_calls,no_response,,not_requested,not_started,not_started,researched,0,0,Public official site from launch research; no message sent,https://www.nevadaroofingdivision.com/contact/,https://www.nevadaroofingdivision.com/contact/,001,info@nevadaroofingdivision.com,https://www.nevadaroofingdivision.com/contact/,high,crawled
manual_research,Nod's Plumbing,plumbing,Northern Nevada,public_estimate_form,website_form,urgent_job_calls,no_response,,not_requested,not_started,not_started,researched,0,0,Public official site from launch research; no message sent,https://nphnv.com/,https://nphnv.com/,001,josh@nphnv.com,https://nphnv.com/,high,crawled
manual_research,Pinnacle Heating and Air Conditioning,hvac,Reno NV,public_estimate_form,website_form,after_hours_recovery,no_response,,not_requested,not_started,not_started,researched,0,0,Public official site from launch research; no message sent,https://www.pinnaclehvacinc.com/,https://www.pinnaclehvacinc.com/request-estimate,001,,,,crawled
manual_research,Ross Heating and Air Conditioning,hvac,Northern Nevada,public_estimate_tool,website_form,after_hours_recovery,no_response,,not_requested,not_started,not_started,researched,0,0,Public official site from launch research; no message sent,https://rossheatingair.com/contact-us/,https://rossheatingair.com/contact-us/,001,,,,crawled
manual_research,Savage and Son,plumbing_hvac,Reno NV,public_contact_page,website_form,missed_call_direct,no_response,,not_requested,not_started,not_started,researched,0,0,Public official site from launch research; no message sent,https://savageandson.com/,https://savageandson.com/contact/,001,,,,crawled
manual_research,Scott Roofing Reno,roofing,Sparks NV,public_contact_page,website_form,urgent_job_calls,no_response,,not_requested,not_started,not_started,researched,0,0,Public official site from launch research; no message sent,https://scottroofingreno.com/,https://scottroofingreno.com/,001,,,,crawled
manual_research,Select Electric,electrician,Reno NV,public_contact_page,website_form,missed_call_direct,no_response,,not_requested,not_started,not_started,researched,0,0,Public official site from launch research; no message sent,https://www.selectelectricnv.com/,https://www.selectelectricnv.com/,001,,,,crawled
manual_research,Sierra Air,hvac,Reno/Sparks NV,public_contact_page,website_form,after_hours_recovery,no_response,,not_requested,not_started,not_started,researched,0,0,Public official site from launch research; no message sent,https://sierraair.com/areas-we-serve/hvac-nevada/sparks/,https://sierraair.com/contact-us/,001,,,,crawled
manual_research,Summit Roofing LLC,roofing,Sparks NV,public_contact_form,website_form,urgent_job_calls,no_response,,not_requested,not_started,not_started,researched,0,0,Public official site from launch research; no message sent,https://summitroofingnv.com/,https://summitroofingnv.com/,001,summitroofingnv@sbcglobal.net,https://summitroofingnv.com/,medium,crawled
manual_research,TruBlue Reno,handyman,Reno NV,public_contact_page,website_form,missed_call_direct,no_response,,not_requested,not_started,not_started,researched,0,0,Public official site from launch research; no message sent,https://www.trublueally.com/reno/handyman-servives/handyman-and-home-repair,https://www.trublueally.com/reno/handyman-servives/handyman-and-home-repair,001,,,,unreachable
manual_research,United Plumbing,plumbing,Reno NV,public_contact_page,website_form,urgent_job_calls,no_response,,not_requested,not_started,not_started,researched,0,0,Public official site from launch research; no message sent,https://www.unitednv.com/,https://www.unitednv.com/contact-us,001,admin@unitednv.com,https://www.unitednv.com/contact-us,high,crawled
manual_research,Wire Me Electric,electrician,Reno/Tahoe,public_contact_page,website_form,missed_call_direct,no_response,,not_requested,not_started,not_started,researched,0,0,Public official site from launch research; no message sent,https://wiremeelectric.com/,https://wiremeelectric.com/,001,wiremeelectric@gmail.com,https://wiremeelectric.com/,medium,crawled
manual_research,916 Handyman,handyman,Sacramento CA,public_contact_page,website_form,missed_call_direct,no_response,,not_requested,not_started,not_started,researched,0,0,Public official site from launch research; no message sent,https://916handyman.com/,https://916handyman.com/,002,prosacramento@gmail.com,https://916handyman.com/,medium,crawled
manual_research,ABC Plumbing,plumbing,Sacramento CA,public_contact_page,website_form,urgent_job_calls,no_response,,not_requested,not_started,not_started,researched,0,0,Public official site from launch research; no message sent,https://www.abcplumbingandhvac.net/,https://www.abcplumbingandhvac.net/contact-us,002,,,,crawled
manual_research,ACS Roofing,roofing,Sacramento Valley CA,public_appointment_page,website_form,urgent_job_calls,no_response,,not_requested,not_started,not_started,researched,0,0,Public official site from launch research; no message sent,https://www.egroofing.com/contact-appointments/,https://www.egroofing.com/contact-appointments/,002,inspections.acs@gmail.com,https://www.egroofing.com/contact-appointments/,medium,crawled
manual_research,AS Roofing,roofing,Sacramento CA,public_contact_page,website_form,urgent_job_calls,no_response,,not_requested,not_started,not_started,researched,0,0,Public official site from launch research; no message sent,https://www.asroofingpro.com/contact/,https://www.asroofingpro.com/contact/,002,,,,crawled
manual_research,Big Mountain Heating and Air,hvac,Sacramento CA,public_contact_page,website_form,after_hours_recovery,no_response,,not_requested,not_started,not_started,researched,0,0,Public official site from launch research; no message sent,https://www.bigmountainair.com/,https://www.bigmountainair.com/,002,,,,crawled
manual_research,Brazil Quality Construction Roofers,roofing,Sacramento CA,public_contact_page,website_form,urgent_job_calls,no_response,,not_requested,not_started,not_started,researched,0,0,Public official site from launch research; no message sent,https://www.brazilroofs.com/,https://www.brazilroofs.com/,002,info@brazilroofs.com,https://www.brazilroofs.com/,high,crawled
manual_research,CABS Heating and Air Conditioning,hvac_plumbing_electric,Sacramento CA,public_contact_page,website_form,after_hours_recovery,no_response,,not_requested,not_started,not_started,researched,0,0,Public official site from launch research; no message sent,https://www.cabshvac.com/,https://www.cabshvac.com/contact-us/,002,,,,crawled
manual_research,Express Sewer and Drain,plumbing,Sacramento CA,public_contact_page,website_form,urgent_job_calls,no_response,,not_requested,not_started,not_started,researched,0,0,Public official site from launch research; no message sent,https://www.expresssewer.com/contact-express-sewer-and-drain,https://www.expresssewer.com/contact-express-sewer-and-drain,002,,,,crawled
manual_research,Griffin Electric,electrician,Sacramento CA,public_contact_page,website_form,missed_call_direct,no_response,,not_requested,not_started,not_started,researched,0,0,Public official site from launch research; no message sent,https://www.griffinelectric.com/electrician/residential-electrical-contractors/,https://www.griffinelectric.com/electrician/residential-electrical-contractors/,002,service@griffinelectric.com,https://www.griffinelectric.com/contact/,medium,crawled
manual_research,Gubruds Services,electrician,Sacramento CA,public_contact_page,website_form,missed_call_direct,no_response,,not_requested,not_started,not_started,researched,0,0,Public official site from launch research; no message sent,https://gubruds.com/service-area/electrician-sacramento-ca/,https://gubruds.com/service-area/electrician-sacramento-ca/,002,service@gubruds.com,https://gubruds.com/contact-us/,medium,crawled
manual_research,Hagan Electric,electrician,Sacramento CA,public_quote_page,website_form,missed_call_direct,no_response,,not_requested,not_started,not_started,researched,0,0,Public official site from launch research; no message sent,https://hagan-electric.com/electrician-sacramento-ca/,https://hagan-electric.com/electrician-sacramento-ca/,002,haganelectric@hotmail.com,https://hagan-electric.com/electrician-sacramento-ca/,medium,crawled
manual_research,Jaguar Heating and Air,hvac,Sacramento CA,public_booking_page,website_form,after_hours_recovery,no_response,,not_requested,not_started,not_started,researched,0,0,Public official site from launch research; no message sent,https://www.jaguarheatingandair.com/,https://www.jaguarheatingandair.com/,002,jaguarheatingandair@gmail.com,https://www.jaguarheatingandair.com/,medium,crawled
manual_research,Kendrick Heating and Air,hvac,Sacramento CA,public_contact_page,website_form,after_hours_recovery,no_response,,not_requested,not_started,not_started,researched,0,0,Public official site from launch research; no message sent,https://kendrickhvac.com/,https://kendrickhvac.com/,002,,,,crawled
manual_research,Main Stream Electric,electrician,Sacramento CA,public_contact_page,website_form,missed_call_direct,no_response,,not_requested,not_started,not_started,researched,0,0,Public official site from launch research; no message sent,https://www.callmainstream.com/sacramento-electrician/,https://www.callmainstream.com/sacramento-electrician/,002,,,,crawled
manual_research,Millennium Plumbing Specialist,plumbing,Sacramento CA,public_quote_form,website_form,urgent_job_calls,no_response,,not_requested,not_started,not_started,researched,0,0,Public official site from launch research; no message sent,https://theplumbingspecialist.com/,https://theplumbingspecialist.com/contact/,002,,,,crawled
manual_research,Pest Pros Pest Solutions,pest_control,Sacramento CA,public_contact_page,website_form,urgent_job_calls,no_response,,not_requested,not_started,not_started,researched,0,0,Public official site from launch research; no message sent,https://www.pestprosps.com/,https://www.pestprosps.com/,002,,,,crawled
manual_research,Roof Improve,roofing,Sacramento CA,public_request_form,website_form,urgent_job_calls,no_response,,not_requested,not_started,not_started,researched,0,0,Public official site from launch research; no message sent,https://roofimprove.com/,https://roofimprove.com/,002,roofimprove123@gmail.com,https://roofimprove.com/contact-us/,medium,crawled
manual_research,Roofing of Sacramento,roofing,Sacramento CA,public_contact_page,website_form,urgent_job_calls,no_response,,not_requested,not_started,not_started,researched,0,0,Public official site from launch research; no message sent,https://roofingofsacramento.com/contact.html,https://roofingofsacramento.com/contact.html,002,,,,crawled
manual_research,Sac Town Electric,electrician,Sacramento CA,public_contact_page,website_form,missed_call_direct,no_response,,not_requested,not_started,not_started,researched,0,0,Public official site from launch research; no message sent,https://sactownelectric.com/,https://sactownelectric.com/,002,info@sactownelectric.com,https://sactownelectric.com/,high,crawled
manual_research,Sacramento Handyman,handyman,Sacramento CA,public_contact_page,website_form,missed_call_direct,no_response,,not_requested,not_started,not_started,researched,0,0,Public official site from launch research; no message sent,https://www.sacramentohandyman.com/,https://www.sacramentohandyman.com/,002,estimates@sacramentohandyman.com,https://www.sacramentohandyman.com/,high,crawled
manual_research,Sacramento Landscape Company,landscaping,Sacramento CA,public_contact_page,website_form,missed_call_direct,no_response,,not_requested,not_started,not_started,researched,0,0,Public official site from launch research; no message sent,https://www.sacramentolandscape.net/,https://www.sacramentolandscape.net/,002,saclandscape@gmail.com,https://www.sacramentolandscape.net/,medium,crawled
manual_research,Sacramento Plumbing Co,plumbing,Sacramento CA,public_booking_page,website_form,urgent_job_calls,no_response,,not_requested,not_started,not_started,researched,0,0,Public official site from launch research; no message sent,https://sacramentoplumbingco.com/,https://sacramentoplumbingco.com/,002,,,,crawled
manual_research,Sacramento Plumbing Solutions,plumbing,Sacramento CA,public_contact_page,website_form,urgent_job_calls,no_response,,not_requested,not_started,not_started,researched,0,0,Public official site from launch research; no message sent,https://www.sacramentoplumbingsolutions.com/,https://www.sacramentoplumbingsolutions.com/contact/,002,,,,crawled
manual_research,Sacramento Roofing Inc,roofing,Sacramento CA,public_contact_page,website_form,urgent_job_calls,no_response,,not_requested,not_started,not_started,researched,0,0,Public official site from launch research; no message sent,https://sacramento-roofing.com/,https://sacramento-roofing.com/,002,sacramentoroofinginc@gmail.com,https://sacramento-roofing.com/,medium,crawled
manual_research,Villara,hvac_plumbing_electric,Greater Sacramento CA,public_contact_page,website_form,after_hours_recovery,no_response,,not_requested,not_started,not_started,researched,0,0,Public official site from launch research; no message sent,https://villara.com/,https://villara.com/contact-us/,002,humanresources@villara.com,https://villara.com/contact-human-resources/,high,crawled
manual_research,208 Roofing,roofing,Boise ID,public_contact_page,website_form,urgent_job_calls,no_response,,not_requested,not_started,not_started,researched,0,0,Public official site from launch research; no message sent,https://www.208roofing.com/,https://www.208roofing.com/,003,info@208roofing.com,https://www.208roofing.com/,high,crawled
manual_research,7th Element Heating and Cooling,hvac,Boise/Meridian/Eagle ID,public_contact_page,website_form,after_hours_recovery,no_response,,not_requested,not_started,not_started,researched,0,0,Public official site from launch research; no message sent,https://www.7thelementhvac.com/,https://www.7thelementhvac.com/,003,7thelementhvac@gmail.com,https://www.7thelementhvac.com/contact/,medium,crawled
manual_research,Al's Car Care,auto_repair,Boise ID,public_appointment_page,website_form,missed_call_direct,no_response,,not_requested,not_started,not_started,researched,0,0,Public official site from launch research; no message sent,https://alscarcareboise.net/,https://alscarcareboise.net/,003,,,,unreachable
manual_research,All County Roofing,roofing,Boise/Southwestern Idaho,public_contact_page,website_form,urgent_job_calls,no_response,,not_requested,not_started,not_started,researched,0,0,Public official site from launch research; no message sent,https://allcountyroofingid.com/,https://allcountyroofingid.com/,003,,,,crawled
manual_research,Automotive Technical Services,auto_repair,Boise ID,public_contact_page,website_form,missed_call_direct,no_response,,not_requested,not_started,not_started,researched,0,0,Public official site from launch research; no message sent,https://www.automotiverepairboise.com/,https://www.automotiverepairboise.com/,003,boiseats@gmail.com,https://www.automotiverepairboise.com/,medium,crawled
manual_research,Beacon Plumbing,plumbing_hvac_electric,Boise ID,public_booking_page,website_form,urgent_job_calls,no_response,,not_requested,not_started,not_started,researched,0,0,Public official site from launch research; no message sent,https://www.beaconplumbing.com/,https://www.beaconplumbing.com/,003,,,,crawled
manual_research,Boise Pest Control,pest_control,Boise ID,public_lead_form,website_form,missed_call_direct,no_response,,not_requested,not_started,not_started,researched,0,0,Public official site from launch research; no message sent,https://boisepestcontrol.com/,https://boisepestcontrol.com/,003,jane@boisepestcontrol.com,https://boisepestcontrol.com/,medium,crawled
manual_research,Boise Valley Heating and Air,hvac,Treasure Valley ID,public_quote_page,website_form,after_hours_recovery,no_response,,not_requested,not_started,not_started,researched,0,0,Public official site from launch research; no message sent,https://boisevalleyheatingandair.com/,https://boisevalleyheatingandair.com/,003,,,,unreachable
manual_research,Boyd Remodeling and Construction,remodeling,Boise ID,public_schedule_call,website_form,missed_call_direct,no_response,,not_requested,not_started,not_started,researched,0,0,Public official site from launch research; no message sent,https://www.boydrc.com/,https://www.boydrc.com/,003,,,,crawled
manual_research,Cloverdale Plumbing,plumbing,Boise/Treasure Valley ID,public_contact_page,website_form,urgent_job_calls,no_response,,not_requested,not_started,not_started,researched,0,0,Public official site from launch research; no message sent,https://www.cloverdaleplumbing.com/contact/,https://www.cloverdaleplumbing.com/contact/,003,,,,crawled
manual_research,Dan's Quality Roofing,roofing,Boise ID,public_quote_page,website_form,urgent_job_calls,no_response,,not_requested,not_started,not_started,researched,0,0,Public official site from launch research; no message sent,https://dansqualityroofing.com/,https://dansqualityroofing.com/,003,,,,crawled
manual_research,Diamond Heating and Cooling,hvac_plumbing_electric,Boise/Garden City ID,public_contact_form,website_form,after_hours_recovery,no_response,,not_requested,not_started,not_started,researched,0,0,Public official site from launch research; no message sent,https://www.diamondheatingandcooling.com/,https://www.diamondheatingandcooling.com/,003,,,,crawled
manual_research,Hi-Tech Electric,electrician,Boise/Treasure Valley ID,public_appointment_page,website_form,missed_call_direct,no_response,,not_requested,not_started,not_started,researched,0,0,Public official site from launch research; no message sent,https://www.hitechelect.com/,https://www.hitechelect.com/,003,service@hitechelect.com,https://www.hitechelect.com/,medium,crawled
manual_research,High Ground Electric,electrician,Boise ID,public_contact_page,website_form,missed_call_direct,no_response,,not_requested,not_started,not_started,researched,0,0,Public official site from launch research; no message sent,https://electricianboiseid.com/,https://electricianboiseid.com/,003,,,,crawled
manual_research,Hyde Park Plumbing,plumbing,Boise ID,public_schedule_page,website_form,urgent_job_calls,no_response,,not_requested,not_started,not_started,researched,0,0,Public official site from launch research; no message sent,https://hydepark-plumbing.com/,https://hydepark-plumbing.com/,003,service@hydepark-plumbing.com,https://hydepark-plumbing.com/,medium,crawled
manual_research,IdaFlow Plumbing,plumbing,Boise/Treasure Valley ID,public_contact_page,website_form,urgent_job_calls,no_response,,not_requested,not_started,not_started,researched,0,0,Public official site from launch research; no message sent,https://www.idaflowplumbing.com/,https://www.idaflowplumbing.com/contact,003,idaflowplumbing@gmail.com,https://www.idaflowplumbing.com/contact,medium,crawled
manual_research,Mighty Dog Roofing of Boise,roofing,Boise/Treasure Valley ID,public_inspection_page,website_form,urgent_job_calls,no_response,,not_requested,not_started,not_started,researched,0,0,Public official site from launch research; no message sent,https://www.mightydogroofing.com/boise-id/,https://www.mightydogroofing.com/boise-id/,003,help@mightydogroofing.com,https://www.mightydogroofing.com/boise-id/contact-us/,high,crawled
manual_research,Paige Mechanical Group,plumbing_hvac,Boise ID,public_contact_page,website_form,after_hours_recovery,no_response,,not_requested,not_started,not_started,researched,0,0,Public official site from launch research; no message sent,https://www.paigemechanical.com/,https://www.paigemechanical.com/contact-us/,003,info@paigemechanical.com,https://www.paigemechanical.com/contact-us/,high,crawled
manual_research,Pioneer Plumbing,plumbing,Boise/Treasure Valley ID,public_contact_form,website_form,urgent_job_calls,no_response,,not_requested,not_started,not_started,researched,0,0,Public official site from launch research; no message sent,https://pioneerplumbingidaho.com/,https://pioneerplumbingidaho.com/,003,letstalk@pioneerplumbingidaho.com,https://pioneerplumbingidaho.com/,high,crawled
manual_research,Quality Heating and Cooling,hvac,Treasure Valley ID,public_request_service,website_form,after_hours_recovery,no_response,,not_requested,not_started,not_started,researched,0,0,Public official site from launch research; no message sent,https://www.qualityheating.net/,https://www.qualityheating.net/,003,accounting@qualityheating.net,https://www.qualityheating.net/contact/,medium,crawled
manual_research,STRITE design and remodel,remodeling,Boise ID,public_contact_page,website_form,missed_call_direct,no_response,,not_requested,not_started,not_started,researched,0,0,Public official site from launch research; no message sent,https://stritedr.com/,https://stritedr.com/,003,remodel@stritedr.com,https://stritedr.com/,medium,crawled
manual_research,Sublime Electric,electrician,Boise ID,public_schedule_page,website_form,missed_call_direct,no_response,,not_requested,not_started,not_started,researched,0,0,Public official site from launch research; no message sent,https://sublimeelectricid.net/,https://sublimeelectricid.net/,003,dispatch@sublimeelectricid.net,https://sublimeelectricid.net/,high,crawled
manual_research,TVR Inc,hvac_refrigeration,Boise/Meridian ID,public_contact_page,website_form,after_hours_recovery,no_response,,not_requested,not_started,not_started,researched,0,0,Public official site from launch research; no message sent,https://tvrinc.net/,https://tvrinc.net/,003,,,,crawled
manual_research,Team Roofing and Remodeling,roofing_remodeling,Meridian/Boise ID,public_contact_page,website_form,urgent_job_calls,no_response,,not_requested,not_started,not_started,researched,0,0,Public official site from launch research; no message sent,https://www.teamroofingandremodelingllc.com/,https://www.teamroofingandremodelingllc.com/,003,snowfalltowingllc@gmail.com,https://www.teamroofingandremodelingllc.com/,medium,crawled
manual_research,Western Heating and Air Conditioning,hvac_plumbing_electric,Meridian/Boise ID,public_request_service,website_form,after_hours_recovery,no_response,,not_requested,not_started,not_started,researched,0,0,Public official site from launch research; no message sent,https://westernhvac.com/city/meridian-id/,https://westernhvac.com/city/meridian-id/,003,csr@westernhvac.com,https://westernhvac.com/contact/,medium,crawled
manual_research,A Master Mechanic,auto_repair,Reno/Sparks NV,public_contact_page,website_form,missed_call_direct,no_response,,not_requested,not_started,not_started,researched,0,0,Public official site from launch research; no message sent,https://www.amastermechanic.com/,https://www.amastermechanic.com/,004,,,,crawled
manual_research,Acuna Total Car Care,auto_repair,Reno NV,public_contact_page,website_form,missed_call_direct,no_response,,not_requested,not_started,not_started,researched,0,0,Public official site from launch research; no message sent,https://www.acunatotalcarcare.com/,https://www.acunatotalcarcare.com/,004,serviceteam@acunatotalcarcare.com,https://www.acunatotalcarcare.com/contact,high,crawled
manual_research,Ai Landscaping,landscaping,Reno NV,public_estimate_form,website_form,missed_call_direct,no_response,,not_requested,not_started,not_started,researched,0,0,Public official site from launch research; no message sent,https://www.ai-landscaping.com/contact/,https://www.ai-landscaping.com/contact/,004,office@ai-landscaping.com,https://www.ai-landscaping.com/contact/,high,crawled
manual_research,All Seasons Lawn and Landscaping,landscaping,Reno/Northern Nevada,public_contact_page,website_form,missed_call_direct,no_response,,not_requested,not_started,not_started,researched,0,0,Public official site from launch research; no message sent,https://aslawn.com/,https://aslawn.com/,004,info@aslawn.com,https://aslawn.com/,high,crawled
manual_research,American Lawn and Landscaping,landscaping,Reno/Sparks NV,public_contact_page,website_form,missed_call_direct,no_response,,not_requested,not_started,not_started,researched,0,0,Public official site from launch research; no message sent,https://www.americanlawnandlandscapellc.com/,https://www.americanlawnandlandscapellc.com/,004,,,,crawled
manual_research,Apex Landscaping,landscaping,Reno NV,public_estimate_page,website_form,missed_call_direct,no_response,,not_requested,not_started,not_started,researched,0,0,Public official site from launch research; no message sent,https://apexlandscapingnv.com/,https://apexlandscapingnv.com/,004,,,,crawled
manual_research,CAD Pest Control,pest_control,Reno/Northern Nevada,public_service_request,website_form,urgent_job_calls,no_response,,not_requested,not_started,not_started,researched,0,0,Public official site from launch research; no message sent,https://www.cadpestcontrol.com/,https://www.cadpestcontrol.com/,004,cadpest@gmail.com,https://www.cadpestcontrol.com/,medium,crawled
manual_research,Clark Pest Control Reno,pest_control,Reno NV,public_estimate_page,website_form,urgent_job_calls,no_response,,not_requested,not_started,not_started,researched,0,0,Public official site from launch research; no message sent,https://www.clarkpest.com/locations/reno-nv,https://www.clarkpest.com/locations/reno-nv,004,clarkcares@clarkpest.com,https://www.clarkpest.com/contact-us,high,crawled
manual_research,D and D Overhead Door,garage_door,Reno NV,public_contact_page,website_form,urgent_job_calls,no_response,,not_requested,not_started,not_started,researched,0,0,Public official site from launch research; no message sent,https://danddoverhead.com/,https://danddoverhead.com/,004,,,,crawled
manual_research,Fox Pest Control Reno,pest_control,Reno NV,public_quote_page,website_form,urgent_job_calls,no_response,,not_requested,not_started,not_started,researched,0,0,Public official site from launch research; no message sent,https://fox-pest.com/locations/nevada/reno/,https://fox-pest.com/locations/nevada/reno/,004,,,,crawled
manual_research,George and Sons Garage Doors,garage_door,Reno NV,public_quote_page,website_form,urgent_job_calls,no_response,,not_requested,not_started,not_started,researched,0,0,Public official site from launch research; no message sent,https://www.georgeandsonsdoors.com/,https://www.georgeandsonsdoors.com/,004,,,,crawled
manual_research,Greg's Garage,auto_repair,Reno NV,public_appointment_page,website_form,missed_call_direct,no_response,,not_requested,not_started,not_started,researched,0,0,Public official site from launch research; no message sent,https://www.gregsgarageinc.com/,https://www.gregsgarageinc.com/,004,,,,crawled
manual_research,Nevada Auto Care,auto_repair,Reno NV,public_booking_page,website_form,missed_call_direct,no_response,,not_requested,not_started,not_started,researched,0,0,Public official site from launch research; no message sent,https://nevadaautocare.com/contact/,https://nevadaautocare.com/contact/,004,,,,crawled
manual_research,Overhead Door Company of Sierra Nevada,garage_door,Reno/Northern Nevada,public_service_request,website_form,urgent_job_calls,no_response,,not_requested,not_started,not_started,researched,0,0,Public official site from launch research; no message sent,https://overheaddoorreno.com/,https://overheaddoorreno.com/,004,,,,crawled
manual_research,Precision Garage Door Service Reno,garage_door,Reno/Sparks NV,public_schedule_page,website_form,urgent_job_calls,no_response,,not_requested,not_started,not_started,researched,0,0,Public official site from launch research; no message sent,https://www.precisiondoor.net/locations/nevada/reno/reno-sparks-area,https://www.precisiondoor.net/locations/nevada/reno/reno-sparks-area,004,,,,unreachable
manual_research,Pro 1 Automotive,auto_repair,Reno NV,public_appointment_page,website_form,missed_call_direct,no_response,,not_requested,not_started,not_started,researched,0,0,Public official site from launch research; no message sent,https://pro1automotive.com/,https://pro1automotive.com/,004,,,,crawled
manual_research,Proof Pest Control Reno,pest_control,Reno NV,public_contact_page,website_form,urgent_job_calls,no_response,,not_requested,not_started,not_started,researched,0,0,Public official site from launch research; no message sent,https://proofpest.com/reno/,https://proofpest.com/reno/,004,service@proofpest.com,https://proofpest.com/reno/,medium,crawled
manual_research,Reno Green Landscaping,landscaping,Reno/Northern Nevada,public_proposal_page,website_form,missed_call_direct,no_response,,not_requested,not_started,not_started,researched,0,0,Public official site from launch research; no message sent,https://renogreen.com/,https://renogreen.com/,004,,,,crawled
manual_research,Sierra Pest Control,pest_control,Reno/Sparks NV,public_contact_page,website_form,urgent_job_calls,no_response,,not_requested,not_started,not_started,researched,0,0,Public official site from launch research; no message sent,https://www.sierrapest.com/,https://www.sierrapest.com/,004,renosierrapestcontrol@gmail.com,https://www.sierrapest.com/,medium,crawled
manual_research,Smooth Lift Garage Doors,garage_door,Reno NV,public_request_page,website_form,urgent_job_calls,no_response,,not_requested,not_started,not_started,researched,0,0,Public official site from launch research; no message sent,https://www.smoothliftgaragedoors.com/,https://www.smoothliftgaragedoors.com/,004,smoothliftgaragedoorsllc@gmail.com,https://www.smoothliftgaragedoors.com/,medium,crawled
manual_research,Southgate Automotive,auto_repair,Reno NV,public_contact_page,website_form,missed_call_direct,no_response,,not_requested,not_started,not_started,researched,0,0,Public official site from launch research; no message sent,https://www.southgateautomotive.com/,https://www.southgateautomotive.com/,004,staff@southgateautomotive.com,https://www.southgateautomotive.com/,medium,crawled
manual_research,Statewide Termite and Pest Control,pest_control,Reno NV,public_estimate_page,website_form,urgent_job_calls,no_response,,not_requested,not_started,not_started,researched,0,0,Public official site from launch research; no message sent,https://statewidepest.com/,https://statewidepest.com/,004,,,,crawled
manual_research,The Door Man,garage_door,Reno/Sparks NV,public_contact_page,website_form,urgent_job_calls,no_response,,not_requested,not_started,not_started,researched,0,0,Public official site from launch research; no message sent,https://www.thedoorman.com/,https://www.thedoorman.com/,004,randy@thedoorman.com,https://www.thedoorman.com/,high,crawled
manual_research,Truckee Meadows Pest Control,pest_control,Reno NV,public_estimate_page,website_form,urgent_job_calls,no_response,,not_requested,not_started,not_started,researched,0,0,Public official site from launch research; no message sent,https://www.tmpestcontrol.com/,https://www.tmpestcontrol.com/,004,,,,crawled
manual_research,Wayne's Automotive,auto_repair,Reno/Sparks NV,public_contact_page,website_form,missed_call_direct,no_response,,not_requested,not_started,not_started,researched,0,0,Public official site from launch research; no message sent,https://www.waynesautocenter.com/,https://www.waynesautocenter.com/,004,,,,crawled
manual_research,A.D. Landscape Service,landscaping,Sacramento CA,public_contact_page,website_form,missed_call_direct,no_response,,not_requested,not_started,not_started,researched,0,0,Public official site from launch research; no message sent,https://sacramentolandscapeservice.com/,https://sacramentolandscapeservice.com/,005,adlandscapeservice@gmail.com,https://sacramentolandscapeservice.com/,medium,crawled
manual_research,All Clear Pest Control,pest_control,Elk Grove/Sacramento CA,public_contact_form,website_form,urgent_job_calls,no_response,,not_requested,not_started,not_started,researched,0,0,Public official site from launch research; no message sent,https://www.allclearpestcontrolnow.com/,https://www.allclearpestcontrolnow.com/,005,,,,crawled
manual_research,Black Rock Automotive,auto_repair,Sacramento CA,public_appointment_page,website_form,missed_call_direct,no_response,,not_requested,not_started,not_started,researched,0,0,Public official site from launch research; no message sent,https://blackrockauto.com/,https://blackrockauto.com/,005,,,,crawled
manual_research,CalPro Pest Control,pest_control,Sacramento CA,public_quote_page,website_form,urgent_job_calls,no_response,,not_requested,not_started,not_started,researched,0,0,Public official site from launch research; no message sent,https://calpropestcontrol.com/,https://calpropestcontrol.com/,005,,,,crawled
manual_research,Caligreen Landscaping,landscaping,Sacramento/Roseville CA,public_contact_page,website_form,missed_call_direct,no_response,,not_requested,not_started,not_started,researched,0,0,Public official site from launch research; no message sent,https://mycaligreen.com/,https://mycaligreen.com/,005,mycaligreen@gmail.com,https://mycaligreen.com/,medium,crawled
manual_research,Capital Landscape,landscaping,Sacramento/Roseville CA,public_contact_page,website_form,missed_call_direct,no_response,,not_requested,not_started,not_started,researched,0,0,Public official site from launch research; no message sent,https://www.capitallandscape.com/,https://www.capitallandscape.com/,005,office@capitallandscape.com,https://www.capitallandscape.com/,high,crawled
manual_research,Clark Pest Control Sacramento,pest_control,Sacramento CA,public_quote_page,website_form,urgent_job_calls,no_response,,not_requested,not_started,not_started,researched,0,0,Public official site from launch research; no message sent,https://www.clarkpest.com/locations/sacramento-ca,https://www.clarkpest.com/locations/sacramento-ca,005,clarkcares@clarkpest.com,https://www.clarkpest.com/contact-us,high,crawled
manual_research,Dak Landscape,landscaping,Sacramento CA,public_contact_page,website_form,missed_call_direct,no_response,,not_requested,not_started,not_started,researched,0,0,Public official site from launch research; no message sent,https://www.daklandscape.com/contact-us,https://www.daklandscape.com/contact-us,005,daklandscape@gmail.com,https://www.daklandscape.com/contact-us,medium,crawled
manual_research,Door Pros Sacramento,garage_door,Sacramento CA,public_estimate_page,website_form,urgent_job_calls,no_response,,not_requested,not_started,not_started,researched,0,0,Public official site from launch research; no message sent,https://www.doorpros.com/sacramento/,https://www.doorpros.com/sacramento/,005,,,,crawled
manual_research,Elite Garage Door Repair Inc,garage_door,Sacramento CA,public_contact_page,website_form,urgent_job_calls,no_response,,not_requested,not_started,not_started,researched,0,0,Public official site from launch research; no message sent,https://elitegaragedoorpros.com/,https://elitegaragedoorpros.com/,005,,,,crawled
manual_research,Evergreen Landscape Service,landscaping,Sacramento CA,public_estimate_page,website_form,missed_call_direct,no_response,,not_requested,not_started,not_started,researched,0,0,Public official site from launch research; no message sent,https://evergreenlandscapeserviceca.com/,https://evergreenlandscapeserviceca.com/,005,,,,crawled
manual_research,Fast Action Pest Control,pest_control,Elk Grove/Sacramento CA,public_inspection_page,website_form,urgent_job_calls,no_response,,not_requested,not_started,not_started,researched,0,0,Public official site from launch research; no message sent,https://www.fastactionpestcontrol.com/,https://www.fastactionpestcontrol.com/,005,,,,crawled
manual_research,FiveSTAR Landscape,landscaping,Sacramento Area CA,public_consultation_page,website_form,missed_call_direct,no_response,,not_requested,not_started,not_started,researched,0,0,Public official site from launch research; no message sent,https://www.fivestarlandscape.com/,https://www.fivestarlandscape.com/,005,office@fivestarlandscape.com,https://www.fivestarlandscape.com/contact/,medium,crawled
manual_research,Haney Door Service,garage_door,Sacramento CA,public_contact_page,website_form,urgent_job_calls,no_response,,not_requested,not_started,not_started,researched,0,0,Public official site from launch research; no message sent,https://www.haneydoor.com/,https://www.haneydoor.com/,005,,,,crawled
manual_research,Mike and Sons Automotive,auto_repair,Sacramento CA,public_appointment_page,website_form,missed_call_direct,no_response,,not_requested,not_started,not_started,researched,0,0,Public official site from launch research; no message sent,https://mikeandsonsautomotive.com/,https://mikeandsonsautomotive.com/,005,,,,crawled
manual_research,Official Pest Prevention Sacramento,pest_control,Sacramento/Elk Grove CA,public_contact_page,website_form,urgent_job_calls,no_response,,not_requested,not_started,not_started,researched,0,0,Public official site from launch research; no message sent,https://www.officialpestprevention.com/areas-we-serve/pest-control-for-sacramento/,https://www.officialpestprevention.com/contact-us/,005,,,,unreachable
manual_research,Overhead Door Company of Sacramento,garage_door,Sacramento Valley CA,public_estimate_page,website_form,urgent_job_calls,no_response,,not_requested,not_started,not_started,researched,0,0,Public official site from launch research; no message sent,https://www.overheaddoorofsacramento.com/,https://www.overheaddoorofsacramento.com/,005,,,,crawled
manual_research,Paramount Garage Doors,garage_door,Sacramento CA,public_contact_page,website_form,urgent_job_calls,no_response,,not_requested,not_started,not_started,researched,0,0,Public official site from launch research; no message sent,https://paramountgaragedoorco.com/,https://paramountgaragedoorco.com/,005,info@paramountgaragedoorco.com,https://paramountgaragedoorco.com/,high,crawled
manual_research,Paul's Automotive,auto_repair,Sacramento CA,public_schedule_page,website_form,missed_call_direct,no_response,,not_requested,not_started,not_started,researched,0,0,Public official site from launch research; no message sent,https://paulsautomotiverepair.com/,https://paulsautomotiverepair.com/,005,,,,crawled
manual_research,Precision Garage Door Service Sacramento,garage_door,Sacramento Valley CA,public_quote_page,website_form,urgent_job_calls,no_response,,not_requested,not_started,not_started,researched,0,0,Public official site from launch research; no message sent,https://www.precisiondoor.net/locations/california/sacramento-valley/sacramento,https://www.precisiondoor.net/locations/california/sacramento-valley/sacramento,005,,,,unreachable
manual_research,Pro Active Pest Control Sacramento,pest_control,Sacramento CA,public_contact_page,website_form,urgent_job_calls,no_response,,not_requested,not_started,not_started,researched,0,0,Public official site from launch research; no message sent,https://www.beproactivepestcontrol.com/,https://www.beproactivepestcontrol.com/,005,,,,crawled
manual_research,ProServ Pest Management,pest_control,Sacramento CA,public_contact_page,website_form,urgent_job_calls,no_response,,not_requested,not_started,not_started,researched,0,0,Public official site from launch research; no message sent,https://www.proservpm.com/,https://www.proservpm.com/,005,,,,crawled
manual_research,SDS Automotive,auto_repair,Sacramento/Cameron Park CA,public_schedule_page,website_form,missed_call_direct,no_response,,not_requested,not_started,not_started,researched,0,0,Public official site from launch research; no message sent,https://sdsautorepair.com/,https://sdsautorepair.com/,005,,,,unreachable
manual_research,Smart Mobile Auto Repair,auto_repair,Sacramento CA,public_contact_page,website_form,missed_call_direct,no_response,,not_requested,not_started,not_started,researched,0,0,Public official site from launch research; no message sent,https://smartmobileautorepair.com/,https://smartmobileautorepair.com/,005,,,,crawled
manual_research,Stress-Free Auto Care Sacramento,auto_repair,Sacramento CA,public_booking_page,website_form,missed_call_direct,no_response,,not_requested,not_started,not_started,researched,0,0,Public official site from launch research; no message sent,https://www.stressfree.com/shops/sacramento,https://www.stressfree.com/shops/sacramento,005,,,,crawled
manual_research,A Cut Above Landscaping,landscaping,Meridian/Boise ID,public_quote_page,website_form,missed_call_direct,no_response,,not_requested,not_started,not_started,researched,0,0,Public official site from launch research; no message sent,https://acutaboveidaho.com/,https://acutaboveidaho.com/,006,info@acutaboveidaho.com,https://acutaboveidaho.com/,high,crawled
manual_research,A1 Garage Door Service Meridian,garage_door,Meridian/Boise ID,public_service_page,website_form,urgent_job_calls,no_response,,not_requested,not_started,not_started,researched,0,0,Public official site from launch research; no message sent,https://a1garage.com/meridian/,https://a1garage.com/meridian/,006,,,,crawled
manual_research,Access Garage Doors of Treasure Valley,garage_door,Boise/Treasure Valley ID,public_contact_page,website_form,urgent_job_calls,no_response,,not_requested,not_started,not_started,researched,0,0,Public official site from launch research; no message sent,https://accessdoorcompany.com/treasurevalley-id/,https://accessdoorcompany.com/treasurevalley-id/,006,,,,crawled
manual_research,All Pro Lawn Service,landscaping,Boise/Treasure Valley ID,public_quote_page,website_form,missed_call_direct,no_response,,not_requested,not_started,not_started,researched,0,0,Public official site from launch research; no message sent,https://www.allprolawnservice.com/,https://www.allprolawnservice.com/,006,info@allprolawnservice.com,https://www.allprolawnservice.com/,medium,crawled
manual_research,All Valley Garage Doors,garage_door,Boise/Treasure Valley ID,public_contact_page,website_form,urgent_job_calls,no_response,,not_requested,not_started,not_started,researched,0,0,Public official site from launch research; no message sent,https://allvalleygd.com/,https://allvalleygd.com/,006,,,,crawled
manual_research,Best Pest Control and Services,pest_control,Boise/Meridian ID,public_estimate_page,website_form,urgent_job_calls,no_response,,not_requested,not_started,not_started,researched,0,0,Public official site from launch research; no message sent,https://www.bestpestidaho.com/,https://www.bestpestidaho.com/,006,bestpestidaho@gmail.com,https://www.bestpestidaho.com/,medium,crawled
manual_research,Boise Automotive Service,auto_repair,Boise ID,public_quote_page,website_form,missed_call_direct,no_response,,not_requested,not_started,not_started,researched,0,0,Public official site from launch research; no message sent,https://boiseautomotiveservice.com/,https://boiseautomotiveservice.com/,006,,,,crawled
manual_research,Boise Foreign Car Service,auto_repair,Boise ID,public_contact_page,website_form,missed_call_direct,no_response,,not_requested,not_started,not_started,researched,0,0,Public official site from launch research; no message sent,https://www.boiseforeigncarservice.com/,https://www.boiseforeigncarservice.com/,006,,,,crawled
manual_research,Capitol Landscape,landscaping,Boise ID,public_contact_page,website_form,missed_call_direct,no_response,,not_requested,not_started,not_started,researched,0,0,Public official site from launch research; no message sent,https://capitollandscape.com/contact/,https://capitollandscape.com/contact/,006,contact@capitollandscape.com,https://capitollandscape.com/contact/,medium,crawled
manual_research,Croach Pest Control Boise,pest_control,Boise ID,public_inspection_page,website_form,urgent_job_calls,no_response,,not_requested,not_started,not_started,researched,0,0,Public official site from launch research; no message sent,https://croach.com/service-locations/boise-id-pest-control/,https://croach.com/service-locations/boise-id-pest-control/,006,,,,crawled
manual_research,Don's Supreme Auto Repair,auto_repair,Boise ID,public_appointment_page,website_form,missed_call_direct,no_response,,not_requested,not_started,not_started,researched,0,0,Public official site from launch research; no message sent,https://www.donssupremeautorepair.com/,https://www.donssupremeautorepair.com/,006,donssupremeauto@gmail.com,https://www.donssupremeautorepair.com/,medium,crawled
manual_research,FarWest Landscape,landscaping,Boise/Treasure Valley ID,public_consultation_page,website_form,missed_call_direct,no_response,,not_requested,not_started,not_started,researched,0,0,Public official site from launch research; no message sent,https://www.farwestlandscape.net/,https://www.farwestlandscape.net/,006,,,,crawled
manual_research,Lawn Co,landscaping,Boise/Treasure Valley ID,public_contact_page,website_form,missed_call_direct,no_response,,not_requested,not_started,not_started,researched,0,0,Public official site from launch research; no message sent,https://lawnco.net/,https://lawnco.net/,006,info@lawnco.net,https://lawnco.net/,high,crawled
manual_research,Meridian Garage Door Repair,garage_door,Meridian/Boise ID,public_quote_page,website_form,urgent_job_calls,no_response,,not_requested,not_started,not_started,researched,0,0,Public official site from launch research; no message sent,https://meridiangaragedoorrepair.com/,https://meridiangaragedoorrepair.com/,006,meridiangaragedoorrepair@gmail.com,https://meridiangaragedoorrepair.com/,medium,crawled
manual_research,Mountain Peak Auto Repair,auto_repair,Boise ID,public_schedule_page,website_form,missed_call_direct,no_response,,not_requested,not_started,not_started,researched,0,0,Public official site from launch research; no message sent,https://www.mountainpeakautorepair.com/,https://www.mountainpeakautorepair.com/,006,,,,crawled
manual_research,Mountain View Service Inc,auto_repair,Boise ID,public_appointment_page,website_form,missed_call_direct,no_response,,not_requested,not_started,not_started,researched,0,0,Public official site from launch research; no message sent,https://www.mountainviewservicecar.com/,https://www.mountainviewservicecar.com/,006,,,,crawled
manual_research,Overhead Door Company of Boise,garage_door,Boise/Meridian ID,public_contact_page,website_form,urgent_job_calls,no_response,,not_requested,not_started,not_started,researched,0,0,Public official site from launch research; no message sent,https://overheaddoorinc.com/meridian/,https://overheaddoorinc.com/meridian/,006,,,,crawled
manual_research,Pest Animal Removal Boise,pest_control,Boise ID,public_contact_page,website_form,urgent_job_calls,no_response,,not_requested,not_started,not_started,researched,0,0,Public official site from launch research; no message sent,https://www.boisepestanimal.com/contact.html,https://www.boisepestanimal.com/contact.html,006,,,,unreachable
manual_research,Pestcom Pest Management,pest_control,Boise/Treasure Valley ID,public_contact_page,website_form,urgent_job_calls,no_response,,not_requested,not_started,not_started,researched,0,0,Public official site from launch research; no message sent,https://www.pestcom.com/,https://www.pestcom.com/,006,,,,crawled
manual_research,Precision Garage Door of Boise,garage_door,Boise/Treasure Valley ID,public_contact_page,website_form,urgent_job_calls,no_response,,not_requested,not_started,not_started,researched,0,0,Public official site from launch research; no message sent,https://www.garagedoorboise.com/,https://www.garagedoorboise.com/,006,,,,unreachable
manual_research,Safari Lawn Care,landscaping,Boise ID,public_contact_page,website_form,missed_call_direct,no_response,,not_requested,not_started,not_started,researched,0,0,Public official site from launch research; no message sent,https://www.safarilawncareboise.com/contact-us,https://www.safarilawncareboise.com/contact-us,006,office@safarilawncareboise.com,https://www.safarilawncareboise.com/contact-us,high,crawled
manual_research,The Garage Door Store Boise,garage_door,Boise/Treasure Valley ID,public_quote_page,website_form,urgent_job_calls,no_response,,not_requested,not_started,not_started,researched,0,0,Public official site from launch research; no message sent,https://garagedoorstoreboise.com/,https://garagedoorstoreboise.com/,006,boisedoors@gmail.com,https://garagedoorstoreboise.com/,medium,crawled
manual_research,Treasure Valley Landscape,landscaping,Boise/Treasure Valley ID,public_contact_page,website_form,missed_call_direct,no_response,,not_requested,not_started,not_started,researched,0,0,Public official site from launch research; no message sent,https://treasurevalleylandscape.com/,https://treasurevalleylandscape.com/,006,,,,crawled
manual_research,TriGuard Pest Control Boise,pest_control,Boise ID,public_quote_page,website_form,urgent_job_calls,no_response,,not_requested,not_started,not_started,researched,0,0,Public official site from launch research; no message sent,https://www.triguardpestcontrol.com/boise-pest-control/,https://www.triguardpestcontrol.com/boise-pest-control/,006,,,,crawled
manual_research,Vertex Pest Control Boise,pest_control,Boise/Treasure Valley ID,public_contact_page,website_form,urgent_job_calls,no_response,,not_requested,not_started,not_started,researched,0,0,Public official site from launch research; no message sent,https://www.vertexpestcontrol.com/pest-control-boise,https://www.vertexpestcontrol.com/pest-control-boise,006,,,,crawled
manual_research,AAA Garage Door Inc,garage_door,Salt Lake City UT,public_contact_page,website_form,urgent_job_calls,no_response,,not_requested,not_started,not_started,researched,0,0,Public official site from launch research; no message sent,https://www.aaagaragedoorinc.com/contact-us/,https://www.aaagaragedoorinc.com/contact-us/,007,scott.aaagaragedoor@gmail.com,https://www.aaagaragedoorinc.com/contact-us/,medium,crawled
manual_research,Accent Garage Doors,garage_door,Salt Lake City UT,public_quote_page,website_form,urgent_job_calls,no_response,,not_requested,not_started,not_started,researched,0,0,Public official site from launch research; no message sent,https://accentgaragedoorsutah.com/,https://accentgaragedoorsutah.com/,007,service@accentgaragedoorsutah.com,https://accentgaragedoorsutah.com/,medium,crawled
manual_research,Any Hour Services,hvac_plumbing_electric,Salt Lake City/Wasatch Front UT,public_booking_page,website_form,urgent_job_calls,no_response,,not_requested,not_started,not_started,researched,0,0,Public official site from launch research; no message sent,https://anyhourservices.com/,https://anyhourservices.com/,007,,,,unreachable
manual_research,Black Diamond Experts Salt Lake City,hvac_plumbing_electric,Salt Lake City UT,public_contact_page,website_form,urgent_job_calls,no_response,,not_requested,not_started,not_started,researched,0,0,Public official site from launch research; no message sent,https://bdexperts.com/service-area/salt-lake-city-ut/,https://bdexperts.com/service-area/salt-lake-city-ut/,007,,,,unreachable
manual_research,Epic Electric,electrician,Salt Lake City/Wasatch Front UT,public_contact_page,website_form,urgent_job_calls,no_response,,not_requested,not_started,not_started,researched,0,0,Public official site from launch research; no message sent,https://www.epicelectric.co/,https://www.epicelectric.co/,007,info@epicelectric.co,https://www.epicelectric.co/,high,crawled
manual_research,Fortress Roofing,roofing,Salt Lake City UT,public_contact_page,website_form,urgent_job_calls,no_response,,not_requested,not_started,not_started,researched,0,0,Public official site from launch research; no message sent,https://fortressroofingutah.com/,https://fortressroofingutah.com/,007,fortressroofing@gmail.com,https://fortressroofingutah.com/,medium,crawled
manual_research,JP Electrical,electrician,North Salt Lake/Wasatch Front UT,public_contact_page,website_form,urgent_job_calls,no_response,,not_requested,not_started,not_started,researched,0,0,Public official site from launch research; no message sent,https://jpelectric.com/contact-northern-utahs-best-residential-and-commercial-electricians/,https://jpelectric.com/contact-northern-utahs-best-residential-and-commercial-electricians/,007,info@jpelectric.com,https://jpelectric.com/contact-northern-utahs-best-residential-and-commercial-electricians/,high,crawled
manual_research,Just Right Air,hvac_plumbing,Salt Lake City UT,public_booking_page,website_form,urgent_job_calls,no_response,,not_requested,not_started,not_started,researched,0,0,Public official site from launch research; no message sent,https://justrightair.com/,https://justrightair.com/,007,,,,crawled
manual_research,Landscape Solutions,landscaping,Salt Lake City/Wasatch Front UT,public_pricing_page,website_form,urgent_job_calls,no_response,,not_requested,not_started,not_started,researched,0,0,Public official site from launch research; no message sent,https://www.letstalkdirt.com/,https://www.letstalkdirt.com/,007,,,,crawled
manual_research,Lighting Maintenance Specialists,electrician,Salt Lake City UT,public_contact_page,website_form,urgent_job_calls,no_response,,not_requested,not_started,not_started,researched,0,0,Public official site from launch research; no message sent,https://www.lmsles.com/contact-us/,https://www.lmsles.com/contact-us/,007,,,,crawled
manual_research,Manwill Plumbing and Heating,plumbing_hvac,Salt Lake City/Wasatch Front UT,public_contact_page,website_form,urgent_job_calls,no_response,,not_requested,not_started,not_started,researched,0,0,Public official site from launch research; no message sent,https://manwill.net/plumbing/,https://manwill.net/plumbing/,007,,,,crawled
manual_research,Master Roofing Utah,roofing,Salt Lake City UT,public_contact_page,website_form,urgent_job_calls,no_response,,not_requested,not_started,not_started,researched,0,0,Public official site from launch research; no message sent,https://www.masterroofingutah.com/,https://www.masterroofingutah.com/,007,,,,unreachable
manual_research,Motts Landscaping,landscaping,Salt Lake City UT,public_contact_page,website_form,urgent_job_calls,no_response,,not_requested,not_started,not_started,researched,0,0,Public official site from launch research; no message sent,https://www.mottslandscaping.com/,https://www.mottslandscaping.com/,007,,,,crawled
manual_research,Moxie Pest Control Salt Lake City,pest_control,Salt Lake City UT,public_service_page,website_form,urgent_job_calls,no_response,,not_requested,not_started,not_started,researched,0,0,Public official site from launch research; no message sent,https://moxieservices.com/locations/salt-lake-city/,https://moxieservices.com/locations/salt-lake-city/,007,,,,crawled
manual_research,Pest Pro Pest Control,pest_control,Salt Lake City UT,public_estimate_page,website_form,urgent_job_calls,no_response,,not_requested,not_started,not_started,researched,0,0,Public official site from launch research; no message sent,https://www.pestproutah.com/,https://www.pestproutah.com/,007,,,,crawled
manual_research,Precision Garage Door of Salt Lake,garage_door,Salt Lake City/Wasatch Front UT,public_contact_page,website_form,urgent_job_calls,no_response,,not_requested,not_started,not_started,researched,0,0,Public official site from launch research; no message sent,https://garagedoorsaltlake.com/,https://garagedoorsaltlake.com/,007,,,,unreachable
manual_research,Rasmussen Landscapes,landscaping,Salt Lake City UT,public_quote_page,website_form,urgent_job_calls,no_response,,not_requested,not_started,not_started,researched,0,0,Public official site from launch research; no message sent,https://www.rasmussenlandscapes.com/,https://www.rasmussenlandscapes.com/,007,rllinfo@rasmussenlandscapes.com,https://www.rasmussenlandscapes.com/Contact,high,crawled
manual_research,SLC Lawn Services,landscaping,Salt Lake City UT,public_contact_page,website_form,urgent_job_calls,no_response,,not_requested,not_started,not_started,researched,0,0,Public official site from launch research; no message sent,https://www.slclawnservices.com/,https://www.slclawnservices.com/,007,,,,crawled
manual_research,Salt City Plumbing Heating and Air,plumbing_hvac,Salt Lake City UT,public_contact_page,website_form,urgent_job_calls,no_response,,not_requested,not_started,not_started,researched,0,0,Public official site from launch research; no message sent,https://www.saltcityplumbing.com/,https://www.saltcityplumbing.com/,007,,,,crawled
manual_research,SameDay Heating Cooling Plumbing and Electrical,hvac_plumbing_electric,Salt Lake City/Wasatch Front UT,public_contact_page,website_form,urgent_job_calls,no_response,,not_requested,not_started,not_started,researched,0,0,Public official site from launch research; no message sent,https://samedayutah.com/,https://samedayutah.com/,007,,,,crawled
manual_research,Shaw Roofing,roofing,Salt Lake City UT,public_contact_page,website_form,urgent_job_calls,no_response,,not_requested,not_started,not_started,researched,0,0,Public official site from launch research; no message sent,https://www.shawroofing.com/,https://www.shawroofing.com/,007,,,,crawled
manual_research,Taylor Electric,electrician,Salt Lake City UT,public_contact_page,website_form,urgent_job_calls,no_response,,not_requested,not_started,not_started,researched,0,0,Public official site from launch research; no message sent,https://taylor-electric.com/utah-commercial-electrician-services-contact/,https://taylor-electric.com/utah-commercial-electrician-services-contact/,007,,,,crawled
manual_research,Thorn Pest Solutions Salt Lake City,pest_control,Salt Lake City UT,public_service_page,website_form,urgent_job_calls,no_response,,not_requested,not_started,not_started,researched,0,0,Public official site from launch research; no message sent,https://thornservices.com/salt-lake-city,https://thornservices.com/salt-lake-city,007,,,,crawled
manual_research,Utah Garage Doors Salt Lake City,garage_door,Salt Lake City UT,public_service_page,website_form,urgent_job_calls,no_response,,not_requested,not_started,not_started,researched,0,0,Public official site from launch research; no message sent,https://utahgaragedoors.net/service-areas/salt-lake-city/,https://utahgaragedoors.net/service-areas/salt-lake-city/,007,service@utahgaragedoors.net,https://utahgaragedoors.net/service-areas/salt-lake-city/,high,crawled
manual_research,Valley Plumbing Heating and Cooling,plumbing_hvac,Salt Lake City/Wasatch Front UT,public_booking_page,website_form,urgent_job_calls,no_response,,not_requested,not_started,not_started,researched,0,0,Public official site from launch research; no message sent,https://www.valleyplumbing.com/,https://www.valleyplumbing.com/,007,account@valleyplumbing.com,https://www.valleyplumbing.com/,medium,crawled
manual_research,911 Plumbing and Electric,plumbing_electric,Fresno CA,public_contact_page,website_form,urgent_job_calls,no_response,,not_requested,not_started,not_started,researched,0,0,Public official site from launch research; no message sent,https://911plumbingelectric.com/,https://911plumbingelectric.com/,008,911plumbingelectric@gmail.com,https://911plumbingelectric.com/,medium,crawled
manual_research,Advanced Electric Services Inc,electrician,Fresno CA,public_contact_page,website_form,urgent_job_calls,no_response,,not_requested,not_started,not_started,researched,0,0,Public official site from launch research; no message sent,https://advancedelectricservicesinc.net/,https://advancedelectricservicesinc.net/,008,,,,crawled
manual_research,All Star Plumbing Fresno,plumbing,Fresno CA,public_booking_page,website_form,urgent_job_calls,no_response,,not_requested,not_started,not_started,researched,0,0,Public official site from launch research; no message sent,https://allstarplumbingfresno.com/,https://allstarplumbingfresno.com/,008,info@allstarplumbingfresno.com,https://allstarplumbingfresno.com/,high,crawled
manual_research,Allbritten,hvac_plumbing_electric,Fresno/Central Valley CA,public_quote_page,website_form,urgent_job_calls,no_response,,not_requested,not_started,not_started,researched,0,0,Public official site from launch research; no message sent,https://allbritten.com/,https://allbritten.com/,008,csr@allbritten.com,https://allbritten.com/,high,crawled
manual_research,Balanced Comfort,hvac_plumbing,Fresno CA,public_contact_page,website_form,urgent_job_calls,no_response,,not_requested,not_started,not_started,researched,0,0,Public official site from launch research; no message sent,https://balancedcomfort.com/,https://balancedcomfort.com/,008,,,,crawled
manual_research,California Turf and Landscaping,landscaping,Fresno/Central Valley CA,public_contact_page,website_form,urgent_job_calls,no_response,,not_requested,not_started,not_started,researched,0,0,Public official site from launch research; no message sent,https://calturfandlandscaping.com/,https://calturfandlandscaping.com/,008,jfinley@calturfandlandscaping.com,https://calturfandlandscaping.com/contact/,high,crawled
manual_research,Clark Pest Control Fresno,pest_control,Fresno CA,public_service_page,website_form,urgent_job_calls,no_response,,not_requested,not_started,not_started,researched,0,0,Public official site from launch research; no message sent,https://www.clarkpest.com/locations/fresno-ca,https://www.clarkpest.com/locations/fresno-ca,008,clarkcares@clarkpest.com,https://www.clarkpest.com/contact-us,high,crawled
manual_research,Collins Electrical Fresno,electrician,Fresno CA,public_contact_page,website_form,urgent_job_calls,no_response,,not_requested,not_started,not_started,researched,0,0,Public official site from launch research; no message sent,https://www.collinselectric.com/fresno/,https://www.collinselectric.com/fresno/,008,,,,crawled
manual_research,Donald P Dick Air Conditioning,hvac,Fresno CA,public_service_page,website_form,urgent_job_calls,no_response,,not_requested,not_started,not_started,researched,0,0,Public official site from launch research; no message sent,https://www.mrcool4ac.com/,https://www.mrcool4ac.com/,008,service@mrcool4ac.com,https://www.mrcool4ac.com/contact-us/,medium,crawled
manual_research,Dustin Pest Control,pest_control,Fresno/Visalia/Merced CA,public_quote_page,website_form,urgent_job_calls,no_response,,not_requested,not_started,not_started,researched,0,0,Public official site from launch research; no message sent,https://dustinpestcontrol.com/,https://dustinpestcontrol.com/,008,,,,crawled
manual_research,Fresno Heating and Cooling,hvac,Fresno/Clovis CA,public_service_page,website_form,urgent_job_calls,no_response,,not_requested,not_started,not_started,researched,0,0,Public official site from launch research; no message sent,https://www.fresnosheatingandcooling.com/,https://www.fresnosheatingandcooling.com/,008,fresnoheatandcool@gmail.com,https://www.fresnosheatingandcooling.com/,medium,crawled
manual_research,Fresno Plumbing and Heating Inc,plumbing,Fresno/Central Valley CA,public_contact_page,website_form,urgent_job_calls,no_response,,not_requested,not_started,not_started,researched,0,0,Public official site from launch research; no message sent,https://www.fresnoplumbinginc.com/,https://www.fresnoplumbinginc.com/,008,,,,crawled
manual_research,JC Melton Air Conditioning,hvac,Fresno CA,public_contact_page,website_form,urgent_job_calls,no_response,,not_requested,not_started,not_started,researched,0,0,Public official site from launch research; no message sent,https://jcmeltonair.com/,https://jcmeltonair.com/,008,office@jcmeltonair.com,https://jcmeltonair.com/,medium,crawled
manual_research,Kims Plumbing,plumbing,Fresno CA,public_contact_page,website_form,urgent_job_calls,no_response,,not_requested,not_started,not_started,researched,0,0,Public official site from launch research; no message sent,https://www.kimsplumbing.net/,https://www.kimsplumbing.net/,008,,,,crawled
manual_research,Landscape Connection,landscaping,Fresno/Clovis CA,public_contact_page,website_form,urgent_job_calls,no_response,,not_requested,not_started,not_started,researched,0,0,Public official site from launch research; no message sent,https://www.landscapedesignfresno.com/,https://www.landscapedesignfresno.com/,008,,,,crawled
manual_research,Lees Air Plumbing and Heating,hvac_plumbing,Fresno/Central Valley CA,public_quote_page,website_form,urgent_job_calls,no_response,,not_requested,not_started,not_started,researched,0,0,Public official site from launch research; no message sent,https://leesair.com/,https://leesair.com/,008,,,,crawled
manual_research,Lidyoff Landscape,landscaping,Fresno/Central Valley CA,public_contact_page,website_form,urgent_job_calls,no_response,,not_requested,not_started,not_started,researched,0,0,Public official site from launch research; no message sent,https://lidyofflandscape.com/,https://lidyofflandscape.com/,008,,,,unreachable
manual_research,Mikes Evergreen,landscaping,Fresno/Clovis CA,public_contact_page,website_form,urgent_job_calls,no_response,,not_requested,not_started,not_started,researched,0,0,Public official site from launch research; no message sent,https://www.mikesevergreen.com/landscape-design-fresno/,https://www.mikesevergreen.com/landscape-design-fresno/,008,info@mikesevergreen.com,https://www.mikesevergreen.com/landscape-design-fresno/,high,crawled
manual_research,Mitchell Aire,hvac,Fresno CA,public_contact_page,website_form,urgent_job_calls,no_response,,not_requested,not_started,not_started,researched,0,0,Public official site from launch research; no message sent,https://www.mitchellaire.com/contact-us,https://www.mitchellaire.com/contact-us,008,,,,crawled
manual_research,On Call Electrical Fresno,electrician,Fresno CA,public_contact_page,website_form,urgent_job_calls,no_response,,not_requested,not_started,not_started,researched,0,0,Public official site from launch research; no message sent,https://www.flonew.com/,https://www.flonew.com/,008,,,,unreachable
manual_research,PR Plumbing Heating and Air Conditioning,plumbing_hvac,Fresno CA,public_quote_page,website_form,urgent_job_calls,no_response,,not_requested,not_started,not_started,researched,0,0,Public official site from launch research; no message sent,https://www.prplumbingfresno.com/,https://www.prplumbingfresno.com/,008,,,,crawled
manual_research,Roto Rooter Fresno,plumbing,Fresno CA,public_service_page,website_form,urgent_job_calls,no_response,,not_requested,not_started,not_started,researched,0,0,Public official site from launch research; no message sent,https://www.rotorooter.com/fresno/,https://www.rotorooter.com/fresno/,008,,,,crawled
manual_research,Stedmans Plumbing,plumbing,Fresno CA,public_booking_page,website_form,urgent_job_calls,no_response,,not_requested,not_started,not_started,researched,0,0,Public official site from launch research; no message sent,https://www.stedmansplumbing.com/,https://www.stedmansplumbing.com/,008,info@stedmansplumbing.com,https://www.stedmansplumbing.com/,high,crawled
manual_research,Total Pest Control Fresno,pest_control,Fresno CA,public_quote_page,website_form,urgent_job_calls,no_response,,not_requested,not_started,not_started,researched,0,0,Public official site from launch research; no message sent,https://totalpestcontrolfresno.com/,https://totalpestcontrolfresno.com/,008,support@totalpestcontrolfresno.com,https://totalpestcontrolfresno.com/,high,crawled
manual_research,Valley Integrated Pest Control,pest_control,Fresno CA,public_contact_page,website_form,urgent_job_calls,no_response,,not_requested,not_started,not_started,researched,0,0,Public official site from launch research; no message sent,https://vippestcontrolfresno.com/,https://vippestcontrolfresno.com/,008,sarah@gmail.com,https://vippestcontrolfresno.com/,medium,crawled
